{
  "timelineObjects" : [ {
    "placeVisit" : {
      "location" : {
        "latitudeE7" : 340516230,
        "longitudeE7" : -842263461,
        "placeId" : "ChIJKy0k3Aef9YgRBoxcz9PYqJg",
        "address" : "326 Caswyck Trace\nAlpharetta, GA 30022\nUSA",
        "name" : "326 Caswyck Trace",
        "semanticType" : "TYPE_HOME",
        "sourceInfo" : {
          "deviceTag" : 276979894
        },
        "locationConfidence" : 99.26326
      },
      "duration" : {
        "startTimestampMs" : "1585232618079",
        "endTimestampMs" : "1585628012951"
      },
      "placeConfidence" : "HIGH_CONFIDENCE",
      "centerLatE7" : 340519192,
      "centerLngE7" : -842263133,
      "visitConfidence" : 91,
      "otherCandidateLocations" : [ {
        "latitudeE7" : 340512740,
        "longitudeE7" : -842260840,
        "placeId" : "ChIJF3h_2Aef9YgRjdBZ-3VdMRI",
        "locationConfidence" : 0.50136924
      }, {
        "latitudeE7" : 340489894,
        "longitudeE7" : -842230435,
        "placeId" : "ChIJHbc6xgif9YgRZXqi9YNYvgw",
        "locationConfidence" : 0.23238543
      }, {
        "latitudeE7" : 340485477,
        "longitudeE7" : -842463117,
        "placeId" : "ChIJmd9jAOGf9YgRi-NdfQQsNf0",
        "locationConfidence" : 0.0023256787
      }, {
        "latitudeE7" : 340493450,
        "longitudeE7" : -842244418,
        "placeId" : "ChIJvU26KA-f9YgRtVNqgZAtTdU",
        "locationConfidence" : 2.9188563E-4
      } ],
      "editConfirmationStatus" : "NOT_CONFIRMED"
    }
  } ]
}