{
  "timelineObjects" : [ {
    "placeVisit" : {
      "location" : {
        "latitudeE7" : 285095968,
        "longitudeE7" : 770725911,
        "placeId" : "ChIJWVx_NmQZDTkRw5JxLg_wPWo",
        "address" : "3\nSector 21\nGurugram, Haryana 122016\nIndia",
        "name" : "3",
        "semanticType" : "TYPE_SEARCHED_ADDRESS",
        "locationConfidence" : 80.48749
      },
      "duration" : {
        "startTimestampMs" : "1377597790640",
        "endTimestampMs" : "1377620182244"
      },
      "placeConfidence" : "HIGH_CONFIDENCE",
      "centerLatE7" : 285097299,
      "centerLngE7" : 770708693,
      "visitConfidence" : 90,
      "otherCandidateLocations" : [ {
        "latitudeE7" : 285120990,
        "longitudeE7" : 770716201,
        "placeId" : "ChIJJ0NLZGQZDTkRzHBKm_JwTsI",
        "name" : "Accenture Services Pvt Ltd",
        "locationConfidence" : 6.8608756
      }, {
        "latitudeE7" : 285100215,
        "longitudeE7" : 770727612,
        "placeId" : "ChIJlQq_UGQZDTkRxzbBB5b61kQ",
        "locationConfidence" : 4.716206
      }, {
        "latitudeE7" : 285091537,
        "longitudeE7" : 770706609,
        "placeId" : "ChIJQwLa_WQZDTkRgRgg8aeSqA4",
        "name" : "RBS Services India Infospace Office",
        "locationConfidence" : 2.8034654
      }, {
        "latitudeE7" : 285092930,
        "longitudeE7" : 770703895,
        "placeId" : "ChIJL8Cb-2QZDTkRfgNhdXUZmMQ",
        "locationConfidence" : 1.5707883
      }, {
        "latitudeE7" : 285120990,
        "longitudeE7" : 770716201,
        "placeId" : "ChIJJ0NLZGQZDTkRzHBKm_JwTsI",
        "name" : "Accenture Services Pvt Ltd",
        "locationConfidence" : 1.1425366
      }, {
        "latitudeE7" : 285093747,
        "longitudeE7" : 770722984,
        "placeId" : "ChIJLaCLsmUZDTkR4ryxTK2E1og",
        "name" : "Amdocs, Gurgaon",
        "locationConfidence" : 0.31050625
      }, {
        "latitudeE7" : 285091537,
        "longitudeE7" : 770706609,
        "placeId" : "ChIJQwLa_WQZDTkRgRgg8aeSqA4",
        "name" : "RBS Services India Infospace Office",
        "locationConfidence" : 0.30370247
      }, {
        "latitudeE7" : 285070092,
        "longitudeE7" : 770712429,
        "placeId" : "ChIJe4F3m2UZDTkRbxnM7EPvDTk",
        "name" : "Gurgaon Sector 21 entrance",
        "locationConfidence" : 0.17877296
      }, {
        "latitudeE7" : 284915526,
        "longitudeE7" : 770730769,
        "placeId" : "ChIJVVVVVVUWDTkRChBfj5zYSpg",
        "name" : "ORIX Auto Infrastructure Services Limited",
        "locationConfidence" : 0.16239737
      } ],
      "editConfirmationStatus" : "NOT_CONFIRMED"
    }
  }, {
    "placeVisit" : {
      "location" : {
        "latitudeE7" : 285047829,
        "longitudeE7" : 770969784,
        "placeId" : "ChIJx4lnRTgZDTkRJjDnN6pXp0U",
        "address" : "National Highway - 8\nAmbience Island, DLF Phase 3, Sector 24\nGurugram, Haryana 122002\nIndia",
        "name" : "Ambience Mall, Gurugram",
        "locationConfidence" : 87.29015
      },
      "duration" : {
        "startTimestampMs" : "1377620399758",
        "endTimestampMs" : "1377630352746"
      },
      "placeConfidence" : "MEDIUM_CONFIDENCE",
      "centerLatE7" : 285038023,
      "centerLngE7" : 770976914,
      "visitConfidence" : 84,
      "otherCandidateLocations" : [ {
        "latitudeE7" : 285055320,
        "longitudeE7" : 770963980,
        "placeId" : "ChIJc9CjEIGcZzkRG78kDRNc5HU",
        "name" : "The Leela Ambience Gurugram Hotel & Residences",
        "locationConfidence" : 4.4510655
      }, {
        "latitudeE7" : 285023642,
        "longitudeE7" : 770973762,
        "placeId" : "ChIJy6bG8EsZDTkRyw-wgYdkbKM",
        "locationConfidence" : 1.5956433
      }, {
        "latitudeE7" : 285039195,
        "longitudeE7" : 770974278,
        "placeId" : "ChIJa6NE-EsZDTkRTV-ZNhbRs_0",
        "name" : "Starbucks Coffee",
        "locationConfidence" : 0.52068186
      }, {
        "latitudeE7" : 285042502,
        "longitudeE7" : 770973739,
        "placeId" : "ChIJC_f6_ksZDTkROlUr-3HX9Xw",
        "name" : "PVR Cinemas",
        "locationConfidence" : 0.28554246
      }, {
        "latitudeE7" : 285027050,
        "longitudeE7" : 770975120,
        "placeId" : "ChIJa1piIEwZDTkRUQaWmqkQX2s",
        "name" : "SMAAASH",
        "locationConfidence" : 0.2511234
      }, {
        "latitudeE7" : 285038292,
        "longitudeE7" : 770972861,
        "placeId" : "ChIJn5S9HkwZDTkR7XUJxvklUTc",
        "locationConfidence" : 0.21823642
      }, {
        "latitudeE7" : 285042467,
        "longitudeE7" : 770970351,
        "placeId" : "ChIJr_ZEH0wZDTkRB-FOAy_hjcc",
        "locationConfidence" : 0.17689368
      }, {
        "latitudeE7" : 285025432,
        "longitudeE7" : 770968446,
        "placeId" : "ChIJNdBt_ksZDTkRmej2gPcKsU8",
        "name" : "Infrastructure Leasing & Financial Services Limited",
        "locationConfidence" : 0.17614944
      }, {
        "latitudeE7" : 285036861,
        "longitudeE7" : 770969917,
        "placeId" : "ChIJf8JJH0wZDTkR5a2jIM3pkQM",
        "name" : "Pizza Hut",
        "locationConfidence" : 0.14899135
      } ],
      "editConfirmationStatus" : "NOT_CONFIRMED"
    }
  }, {
    "placeVisit" : {
      "location" : {
        "latitudeE7" : 285047829,
        "longitudeE7" : 770969784,
        "placeId" : "ChIJx4lnRTgZDTkRJjDnN6pXp0U",
        "address" : "National Highway - 8\nAmbience Island, DLF Phase 3, Sector 24\nGurugram, Haryana 122002\nIndia",
        "name" : "Ambience Mall, Gurugram",
        "locationConfidence" : 84.05747
      },
      "duration" : {
        "startTimestampMs" : "1377669051147",
        "endTimestampMs" : "1377699813344"
      },
      "placeConfidence" : "MEDIUM_CONFIDENCE",
      "centerLatE7" : 285038019,
      "centerLngE7" : 770976913,
      "visitConfidence" : 64,
      "otherCandidateLocations" : [ {
        "latitudeE7" : 285023642,
        "longitudeE7" : 770973762,
        "placeId" : "ChIJy6bG8EsZDTkRyw-wgYdkbKM",
        "locationConfidence" : 3.9116688
      }, {
        "latitudeE7" : 285055320,
        "longitudeE7" : 770963980,
        "placeId" : "ChIJc9CjEIGcZzkRG78kDRNc5HU",
        "name" : "The Leela Ambience Gurugram Hotel & Residences",
        "locationConfidence" : 2.5410726
      }, {
        "latitudeE7" : 285043230,
        "longitudeE7" : 770973040,
        "placeId" : "ChIJIzo-GkwZDTkRAD5GmIguotg",
        "name" : "Big Bazaar",
        "locationConfidence" : 0.4105465
      }, {
        "latitudeE7" : 285039195,
        "longitudeE7" : 770974278,
        "placeId" : "ChIJa6NE-EsZDTkRTV-ZNhbRs_0",
        "name" : "Starbucks Coffee",
        "locationConfidence" : 0.35121286
      }, {
        "latitudeE7" : 285027050,
        "longitudeE7" : 770975120,
        "placeId" : "ChIJa1piIEwZDTkRUQaWmqkQX2s",
        "name" : "SMAAASH",
        "locationConfidence" : 0.27097696
      }, {
        "latitudeE7" : 285034333,
        "longitudeE7" : 770971250,
        "placeId" : "ChIJL2pnHEwZDTkRZgzgB6l3n0M",
        "name" : "Flying Machine",
        "locationConfidence" : 0.20092332
      }, {
        "latitudeE7" : 285025432,
        "longitudeE7" : 770968446,
        "placeId" : "ChIJNdBt_ksZDTkRmej2gPcKsU8",
        "name" : "Infrastructure Leasing & Financial Services Limited",
        "locationConfidence" : 0.19729371
      }, {
        "latitudeE7" : 285023057,
        "longitudeE7" : 770965416,
        "placeId" : "ChIJJ5GKVkkZDTkRXuGF18ck-R0",
        "name" : "Corporate Office Tower",
        "locationConfidence" : 0.19444273
      }, {
        "latitudeE7" : 284666551,
        "longitudeE7" : 770938869,
        "placeId" : "ChIJy9faEiQZDTkRG6iVs8t4BhA",
        "name" : "Wine Shop Udyog Vihar",
        "locationConfidence" : 0.19438125
      } ],
      "editConfirmationStatus" : "NOT_CONFIRMED"
    }
  }, {
    "placeVisit" : {
      "location" : {
        "latitudeE7" : 284568975,
        "longitudeE7" : 770684399,
        "placeId" : "ChIJVVVVhfQYDTkRYL9XnEENf90",
        "address" : "Unitech The Palms, South City I, Sector 41, Gurgaon, हरियाणा 122001, India",
        "semanticType" : "TYPE_HOME",
        "locationConfidence" : 96.65117
      },
      "duration" : {
        "startTimestampMs" : "1377702276802",
        "endTimestampMs" : "1377703862901"
      },
      "placeConfidence" : "HIGH_CONFIDENCE",
      "centerLatE7" : 284564500,
      "centerLngE7" : 770702500,
      "visitConfidence" : 52,
      "otherCandidateLocations" : [ {
        "latitudeE7" : 284570402,
        "longitudeE7" : 770695340,
        "placeId" : "ChIJPynlSu4YDTkR0OkbpRAmSZU",
        "semanticType" : "TYPE_SEARCHED_ADDRESS",
        "locationConfidence" : 1.8744129
      }, {
        "latitudeE7" : 284601955,
        "longitudeE7" : 770771642,
        "placeId" : "ChIJCbv0LfAYDTkRKscgRdrV_9E",
        "name" : "The Palms Town & Country Club",
        "locationConfidence" : 1.30133
      }, {
        "latitudeE7" : 284591307,
        "longitudeE7" : 770725607,
        "placeId" : "ChIJ1TkoQu8YDTkRVXC88T9HJuU",
        "name" : "Shalimar Huda City Center",
        "locationConfidence" : 0.044164862
      }, {
        "latitudeE7" : 284558072,
        "longitudeE7" : 770702753,
        "placeId" : "ChIJAQDApnAeDTkR4lUmzbYwkO8",
        "name" : "Taj City Centre Gurugram",
        "locationConfidence" : 0.03307943
      }, {
        "latitudeE7" : 284581119,
        "longitudeE7" : 770672588,
        "placeId" : "ChIJjWPpFfAYDTkR9QSYj1dfKbE",
        "name" : "Unitech Club Patio",
        "locationConfidence" : 0.018594654
      }, {
        "latitudeE7" : 284591307,
        "longitudeE7" : 770725607,
        "placeId" : "ChIJ1TkoQu8YDTkRVXC88T9HJuU",
        "name" : "Shalimar Huda City Center",
        "locationConfidence" : 0.011961349
      }, {
        "latitudeE7" : 284576775,
        "longitudeE7" : 770732388,
        "placeId" : "ChIJ70SSqO8YDTkRQGX_dVJcxZU",
        "name" : "Fortis Healthcare Ltd.",
        "locationConfidence" : 0.011633586
      }, {
        "latitudeE7" : 284549144,
        "longitudeE7" : 770730366,
        "placeId" : "ChIJY7YMLjzcDDkR0BSpeqPJFhc",
        "name" : "RJ Corp",
        "locationConfidence" : 0.009725797
      }, {
        "latitudeE7" : 284566496,
        "longitudeE7" : 770727550,
        "placeId" : "ChIJs1fP4e4YDTkR1JkT33Kmbxk",
        "name" : "Fortis Memorial Research Institute",
        "locationConfidence" : 0.0048160674
      } ],
      "editConfirmationStatus" : "NOT_CONFIRMED"
    }
  } ]
}